{
  "account_length": 501.7628843486309,
  "number_vmail_messages": 127.50643941760063,
  "total_day_minutes": 5473.298998653889,
  "total_day_calls": 497.59670370817184,
  "total_day_charge": 2449.876048117876,
  "total_eve_minutes": 2772.934472769499,
  "total_eve_calls": 401.6765988469124,
  "total_eve_charge": 529.7421017587185,
  "total_night_minutes": 834.8362133204937,
  "total_night_calls": 435.31005415320396,
  "total_night_charge": 160.81322446465492,
  "total_intl_minutes": 1500.283151626587,
  "total_intl_calls": 907.8646457791328,
  "total_intl_charge": 31.606718719005585,
  "number_customer_service_calls": 3108.6403273046017,
  "state_AK": 13.403773099184036,
  "state_AL": 25.263351052999496,
  "state_AR": 4.667293965816498,
  "state_AZ": 1.2506099939346313,
  "state_CA": 0.0,
  "state_CO": 7.048963904380798,
  "state_CT": 5.029997169971466,
  "state_DC": 9.92618203163147,
  "state_DE": 9.59352594614029,
  "state_FL": 7.6607561111450195,
  "state_GA": 3.7630189955234528,
  "state_HI": 35.609632790088654,
  "state_IA": 9.087336987257004,
  "state_ID": 4.384400010108948,
  "state_IL": 18.72483390569687,
  "state_IN": 19.763317227363586,
  "state_KS": 10.347319960594177,
  "state_KY": 4.6195679903030396,
  "state_LA": 0.0,
  "state_MA": 7.905642867088318,
  "state_MD": 6.040572077035904,
  "state_ME": 10.791654020547867,
  "state_MI": 9.505781024694443,
  "state_MN": 6.1898820996284485,
  "state_MO": 12.950374126434326,
  "state_MS": 6.989591956138611,
  "state_MT": 1.4537099599838257,
  "state_NC": 4.909761011600494,
  "state_ND": 13.109034895896912,
  "state_NE": 8.59959203004837,
  "state_NH": 16.74748608469963,
  "state_NJ": 3.1256898641586304,
  "state_NM": 13.464305818080902,
  "state_NV": 8.391655147075653,
  "state_NY": 2.754434049129486,
  "state_OH": 5.008490085601807,
  "state_OK": 4.716202050447464,
  "state_OR": 8.820095986127853,
  "state_PA": 6.173725932836533,
  "state_RI": 13.858280837535858,
  "state_SC": 4.902129948139191,
  "state_SD": 4.712756991386414,
  "state_TN": 0.0,
  "state_TX": 0.0,
  "state_UT": 2.7305609583854675,
  "state_VA": 11.30359011888504,
  "state_VT": 12.933857083320618,
  "state_WA": 0.0,
  "state_WI": 18.482615113258362,
  "state_WV": 13.368972957134247,
  "state_WY": 1.4822900295257568,
  "area_code_area_code_408": 337.6400110721588,
  "area_code_area_code_415": 405.926182448864,
  "area_code_area_code_510": 2465.373009264469,
  "international_plan_no": 5455.370802402496,
  "international_plan_yes": 1175.5703179240227,
  "voice_mail_plan_no": 187.68627053499222,
  "voice_mail_plan_yes": 1525.796086370945
}