{
  "account_length": 536.0085182487965,
  "number_vmail_messages": 178.19446554780006,
  "total_day_minutes": 7499.435750424862,
  "total_day_calls": 426.62861597537994,
  "total_day_charge": 589.9841859936714,
  "total_eve_minutes": 2733.8766104876995,
  "total_eve_calls": 528.41172721982,
  "total_eve_charge": 305.19464963674545,
  "total_night_minutes": 909.8535885214806,
  "total_night_calls": 432.0384550392628,
  "total_night_charge": 228.87930697202682,
  "total_intl_minutes": 1386.402203977108,
  "total_intl_calls": 1022.2586936950684,
  "total_intl_charge": 100.91324639320374,
  "number_customer_service_calls": 3312.5182968080044,
  "state_AK": 12.269199848175049,
  "state_AL": 23.48100209236145,
  "state_AR": 4.174004971981049,
  "state_AZ": 0.0,
  "state_CA": 1.5849599838256836,
  "state_CO": 14.824802935123444,
  "state_CT": 4.599715948104858,
  "state_DC": 11.04379004240036,
  "state_DE": 6.207588106393814,
  "state_FL": 8.764240026473999,
  "state_GA": 6.525446057319641,
  "state_HI": 37.704271733760834,
  "state_IA": 13.777030169963837,
  "state_ID": 1.2746100425720215,
  "state_IL": 13.783095896244049,
  "state_IN": 2.463189959526062,
  "state_KS": 25.167839288711548,
  "state_KY": 6.177388101816177,
  "state_LA": 0.0,
  "state_MA": 5.010600030422211,
  "state_MD": 21.315598130226135,
  "state_ME": 9.891644775867462,
  "state_MI": 8.24541711807251,
  "state_MN": 8.492602944374084,
  "state_MO": 11.054416060447693,
  "state_MS": 11.895713031291962,
  "state_MT": 0.0,
  "state_NC": 6.910030126571655,
  "state_ND": 17.817833930253983,
  "state_NE": 9.492936968803406,
  "state_NH": 15.698233217000961,
  "state_NJ": 4.428699016571045,
  "state_NM": 14.325012028217316,
  "state_NV": 6.60033506155014,
  "state_NY": 2.281428039073944,
  "state_OH": 9.117530912160873,
  "state_OK": 6.4340280294418335,
  "state_OR": 7.883409947156906,
  "state_PA": 10.35482382774353,
  "state_RI": 16.81103390455246,
  "state_SC": 3.087512969970703,
  "state_SD": 3.1524850130081177,
  "state_TN": 0.0,
  "state_TX": 2.6994400024414062,
  "state_UT": 3.8960490226745605,
  "state_VA": 13.795919001102448,
  "state_VT": 23.144641041755676,
  "state_WA": 0.0,
  "state_WI": 26.723197162151337,
  "state_WV": 25.70891797542572,
  "state_WY": 3.1278979778289795,
  "area_code_area_code_408": 241.66410332918167,
  "area_code_area_code_415": 388.49420207738876,
  "area_code_area_code_510": 2263.3894238471985,
  "international_plan_no": 5322.609858065844,
  "international_plan_yes": 1155.7942471504211,
  "voice_mail_plan_no": 229.38527011871338,
  "voice_mail_plan_yes": 1420.0868222117424
}