rmse,mae,r2,accuracy_value,precision_score,balanced_acc,recall,lloss,zoloss
0.5601684209180435,0.31378865979381443,-0.29026002403583506,0.6862113402061856,0.5723270440251572,0.7282380093958265,0.9830246913580247,10.838121593233426,0.31378865979381443
