rmse,mae,r2,accuracy_value,precision_score,balanced_acc,recall,lloss,zoloss
0.561317485553077,0.31507731958762886,-0.29555883316945253,0.6849226804123711,0.5715571557155715,0.7266947995192833,0.9799382716049383,10.882630325701095,0.31507731958762886
