{
  "account_length": 502.70045697689056,
  "number_vmail_messages": 200.03512075543404,
  "total_day_minutes": 7233.770972371101,
  "total_day_calls": 560.0078325271606,
  "total_day_charge": 467.3180552124977,
  "total_eve_minutes": 2603.947692722082,
  "total_eve_calls": 428.5909144580364,
  "total_eve_charge": 408.53850239515305,
  "total_night_minutes": 796.5457561910152,
  "total_night_calls": 470.2132915854454,
  "total_night_charge": 184.6965844631195,
  "total_intl_minutes": 1528.1156650781631,
  "total_intl_calls": 863.6454172134399,
  "total_intl_charge": 37.18579691648483,
  "number_customer_service_calls": 3513.502659469843,
  "state_AK": 12.67163297533989,
  "state_AL": 20.70651799440384,
  "state_AR": 4.21047106385231,
  "state_AZ": 1.0089099407196045,
  "state_CA": 0.0,
  "state_CO": 11.175984919071198,
  "state_CT": 3.375667095184326,
  "state_DC": 9.954980969429016,
  "state_DE": 5.841882050037384,
  "state_FL": 7.089936017990112,
  "state_GA": 2.0863890051841736,
  "state_HI": 37.06427711248398,
  "state_IA": 8.464828878641129,
  "state_ID": 7.0058019161224365,
  "state_IL": 15.68106997013092,
  "state_IN": 11.14706003665924,
  "state_KS": 11.710700929164886,
  "state_KY": 4.11044704914093,
  "state_LA": 10.787730097770691,
  "state_MA": 7.614413857460022,
  "state_MD": 16.156242042779922,
  "state_ME": 7.948498010635376,
  "state_MI": 10.843687921762466,
  "state_MN": 7.060764014720917,
  "state_MO": 13.141543924808502,
  "state_MS": 12.773322820663452,
  "state_MT": 2.1686509251594543,
  "state_NC": 3.9421600699424744,
  "state_ND": 14.462187796831131,
  "state_NE": 8.669951021671295,
  "state_NH": 17.04911097884178,
  "state_NJ": 2.760544002056122,
  "state_NM": 18.091637194156647,
  "state_NV": 6.202720105648041,
  "state_NY": 8.610268950462341,
  "state_OH": 2.225081980228424,
  "state_OK": 6.3294870257377625,
  "state_OR": 9.21656197309494,
  "state_PA": 10.46839302778244,
  "state_RI": 15.465813875198364,
  "state_SC": 1.999330997467041,
  "state_SD": 4.42077699303627,
  "state_TN": 0.0,
  "state_TX": 0.0,
  "state_UT": 5.493547976016998,
  "state_VA": 12.828613817691803,
  "state_VT": 21.28130915760994,
  "state_WA": 0.0,
  "state_WI": 16.328736901283264,
  "state_WV": 16.156149804592133,
  "state_WY": 4.07881498336792,
  "area_code_area_code_408": 417.7190308570862,
  "area_code_area_code_415": 421.4589868783951,
  "area_code_area_code_510": 2132.0802154242992,
  "international_plan_no": 5598.278777629137,
  "international_plan_yes": 1215.4951301813126,
  "voice_mail_plan_no": 291.29675126075745,
  "voice_mail_plan_yes": 1326.9529421329498
}