{
  "account_length": 474.854641020298,
  "number_vmail_messages": 1388.4722355604172,
  "total_day_minutes": 3075.889562726021,
  "total_day_calls": 431.41849663853645,
  "total_day_charge": 5202.75155121088,
  "total_eve_minutes": 2629.7390010356903,
  "total_eve_calls": 430.63044211268425,
  "total_eve_charge": 521.8716408014297,
  "total_night_minutes": 841.2763239741325,
  "total_night_calls": 373.6030466258526,
  "total_night_charge": 128.4465149641037,
  "total_intl_minutes": 960.9998840689659,
  "total_intl_calls": 937.5927656292915,
  "total_intl_charge": 571.2679455578327,
  "number_customer_service_calls": 3345.7736988067627,
  "state_AK": 9.585910052061081,
  "state_AL": 24.64209696650505,
  "state_AR": 1.709796965122223,
  "state_AZ": 1.4776899814605713,
  "state_CA": 1.1037399768829346,
  "state_CO": 10.40645694732666,
  "state_CT": 2.2241729497909546,
  "state_DC": 10.069123983383179,
  "state_DE": 6.485053837299347,
  "state_FL": 3.4032309651374817,
  "state_GA": 2.776511013507843,
  "state_HI": 26.93930286169052,
  "state_IA": 7.241757899522781,
  "state_ID": 7.295553982257843,
  "state_IL": 11.512444138526917,
  "state_IN": 5.2995078563690186,
  "state_KS": 14.023155987262726,
  "state_KY": 5.037310004234314,
  "state_LA": 5.368240118026733,
  "state_MA": 1.1201000213623047,
  "state_MD": 15.338571012020111,
  "state_ME": 5.811635971069336,
  "state_MI": 7.670816153287888,
  "state_MN": 6.139407992362976,
  "state_MO": 8.097334027290344,
  "state_MS": 8.214510083198547,
  "state_MT": 1.2768700122833252,
  "state_NC": 6.781174063682556,
  "state_ND": 13.293750137090683,
  "state_NE": 4.223083972930908,
  "state_NH": 10.621774941682816,
  "state_NJ": 1.659385085105896,
  "state_NM": 10.201408982276917,
  "state_NV": 2.83993998169899,
  "state_NY": 2.212440013885498,
  "state_OH": 6.98729407787323,
  "state_OK": 3.074691981077194,
  "state_OR": 6.900559961795807,
  "state_PA": 5.431943893432617,
  "state_RI": 12.782980978488922,
  "state_SC": 0.0,
  "state_SD": 5.352527976036072,
  "state_TN": 0.0,
  "state_TX": 0.8314419984817505,
  "state_UT": 2.5180299282073975,
  "state_VA": 10.491945803165436,
  "state_VT": 10.270893037319183,
  "state_WA": 0.0,
  "state_WI": 14.741980969905853,
  "state_WV": 16.45098677277565,
  "state_WY": 2.949675977230072,
  "area_code_area_code_408": 277.3371825814247,
  "area_code_area_code_415": 563.6407382488251,
  "area_code_area_code_510": 2298.9554631710052,
  "international_plan_no": 5427.212551891804,
  "international_plan_yes": 1226.4148834943771,
  "voice_mail_plan_no": 172.1709201335907,
  "voice_mail_plan_yes": 203.1967111825943
}